rank,name,solved,recent
1,(jaehyunp),583,7
2,hongraejo,412,1570
3,ainu7,330,888
4,shinminseon,330,35
5,allenjeon,321,1
6,sungmin817,311,73
7,(ssk),307,830
8,emppu,262,106
9,(sunleonid),261,1487
10,kcm1700,257,1255
11,thkang,243,1735
12,muse,240,12
13,JiminP,238,1394
14,noxnia,234,475
15,Bubbler,232,305
16,kanie,230,428
17,Baekjoon,228,755
18,Doju,220,288
19,ipkn,218,1265
20,communia,210,1686
21,zlzmsrhak,209,185
22,Iris_harp,208,2335
23,petdrow,206,479
24,(lakshimi),205,633
25,sharb,204,2766
26,l10veu,202,2544
27,changrak,201,293
28,00,199,1422
29,jjhangu2,199,722
30,stenhammar,193,3470
31,eyTns,193,528
32,svchost.exe,193,155
33,uws8505,189,3344
34,(mecatos95d),188,1038
35,bumsook,186,103
36,veshboo,184,162
37,udaque,181,1586
38,alexum,179,0
39,(wooyekim),178,1904
40,skim0119,177,21
41,optimizerjerry,176,2953
42,p.istrati,176,1848
43,Breakun,170,1286
44,cfranck,167,0
45,lem,165,1408
46,ddaker,164,2486
47,Unused,164,448
48,jh05013,162,65
49,Teferi,161,3003
50,gok01172,160,2708
51,yongwhan,160,1121
52,kimrip,158,990
53,choyb,157,3053
54,pjsdream,157,1101
55,zhuny,157,277
56,Frizzle,157,262
57,dalpaeng2,156,1011
58,(j1wan),153,700
59,Jungkeun,152,751
60,hillcanon,149,261
61,kjw0612,147,3153
62,absenty,142,2883
63,veblush,141,1947
64,tjfktj,141,786
65,larez,140,575
66,kyumyonglee,140,553
67,ychoi100,137,1380
68,(juncoder),134,1036
69,Kyoseon,133,2914
70,yadi0119,132,1632
71,HeeM,132,488
72,kgw0507,131,2570
73,hij8765,131,1535
74,colorized,131,498
75,(sy0414),130,729
76,Sait2000,130,32
77,bam8695,129,1066
78,hoo,128,2284
79,gsm291,128,2201
80,sehee382,127,2617
81,kazel,127,1267
82,rein01,125,3306
83,frigen,125,1781
84,go_to_dmc,125,698
85,dareun.geum,124,142
86,daewonyoon,123,848
87,lifthrasiir,122,2416
88,daegeon,122,14
89,(kth3321),121,2266
90,(chiwook),118,2041
91,kheled,117,2929
92,sutekine,117,2130
93,J.H.M.,117,77
94,EnDorphin,116,2063
95,(Byungwoo.Jeon),116,230
96,kyduke,114,169
97,DG,112,3183
98,falsetru,111,2952
99,yangbak,111,2052
100,neurome,110,1517
101,tpzcln,110,1340
102,insikk,110,1189
103,Abalcon,110,1065
104,Ainodyne,109,601
105,astein,108,343
106,teddywith,107,3117
107,PhoBiA,107,1193
108,hongsch1,107,237
109,xenosoz,106,2229
110,cdg720,106,2005
111,4135667,106,673
112,ntalbs,106,299
113,panda,105,1520
114,(pse1202),105,804
115,ehooizlo,104,1539
116,keugbang,104,340
117,dlimpid,103,2607
118,bosscq,102,1028
119,whitehwarang,102,282
120,libe,101,2074
121,joinsung,100,3668
122,sim0629,100,2705
123,nullstein,100,2457
124,(kparkeuler),100,42
125,(dalgu),100,5
126,ewmkkpe,98,2224
127,(ensual),98,2071
128,kiyohwan,97,1561
129,younghan,97,279
130,helicity,97,5
131,KimHoSik,96,3289
132,sangpaz,96,876
133,friend1226,96,164
134,(123harim),95,1148
135,dotorya,95,406
136,rai,94,2423
137,hwijung,94,499
138,desti,93,1981
139,king--kong,91,592
140,(kinetc),91,0
141,struessel,90,2034
142,epjs0126,90,1957
143,hitel00000,89,3547
144,skxmremd,89,1584
145,techshare,88,2232
146,laputan,88,2219
147,nineclue,88,171
148,pkim,87,3340
149,marocchino,87,3101
150,purluno,87,3026
151,junwhan,87,2447
152,wonyoung,87,1604
153,sanhalee,87,1526
154,thechaos16,87,881
155,KAKaMK,86,3111
156,gs13068,86,1541
157,(hodduc),86,407
158,chokobole,85,3413
159,kivol,85,3296
160,chattee,85,442
161,key262yek,85,180
162,wonsik,84,1711
163,sjnam,84,1651
164,Hydrogen,84,1059
165,(wichgreen),83,2838
166,kaisyu,83,2816
167,(eulpine),83,1010
168,puella1204,83,1001
169,flagj,83,341
170,dhkim16,82,1841
171,(ksthiv),82,1563
172,T.Eom,81,3238
173,hck5209,81,2679
174,milkskin,81,1847
175,EffectiveService,81,1779
176,woongy,80,1931
177,bdares,80,953
178,About-Blank,80,313
179,danox,79,3125
180,inzilion,79,2467
181,souldreamer,79,2321
182,jeonbyungwoo,79,954
183,kjk850,78,2935
184,doodoori2,78,2284
185,(JohnSeo),78,1092
186,seongjaelee,77,2320
187,(sungjinlee),77,1835
188,sukjoony,77,1687
189,seaguy,77,1493
190,ironlung,77,1084
191,Shongky,77,879
192,ch81.song,77,343
193,birmjin.in,77,117
194,raymundo,76,2589
195,hothead,75,3029
196,nateburchell,75,2333
197,songsungkyun,75,2010
198,bingoo,75,2004
199,littlechun4,75,1995
200,solmonk,75,1606
201,ltdtl,75,1571
202,sgpark,75,1011
203,YunGoon,75,257
204,zartoven,74,2679
205,vamf12,74,2532
206,kunbam09,74,1042
207,(bbaa1155),74,820
208,(gs13057),74,198
209,insany,73,2855
210,dkim90,73,1939
211,xoguslwkd,73,595
212,Oscillator,72,3410
213,trif,72,1825
214,hnjang810,72,1089
215,aleph0,72,968
216,NewPython,72,681
217,Corea,72,511
218,ssangkong,72,431
219,delfino4,72,58
220,drh,71,2963
221,motoko,71,2713
222,perryrage,71,2061
223,shwlinux,71,1659
224,jykim,71,1337
225,tapiko,71,1025
226,seul,71,762
227,proburner,71,678
228,aeromind,71,263
229,ntopia,70,3461
230,newshake,70,2949
231,jupiter7,70,1393
232,dpp5411,70,1287
233,naldo,70,877
234,changhoon,69,3027
235,sonsworld,69,2166
236,mnbv,69,1878
237,pomtech,69,1746
238,steloflute,69,1719
239,milkiss,69,1030
240,Ephemera,69,845
241,Peacemiki,69,821
242,dincal,69,486
243,rmsrk33,69,146
244,wandookong,69,123
245,dreamsboat,69,11
246,sirgrey,68,3674
247,uzhao,68,1913
248,byturn,68,1834
249,hacysean,68,1518
250,JAYS,68,1415
251,caooeep,68,1305
252,philmasterplus,68,1274
253,eminency,68,740
254,(hsm6911),68,653
255,(nersery),68,643
256,jihunroh-python,68,30
257,Chulho-Song,67,3398
258,fort726,67,2998
259,(posithinks),67,2420
260,blue9057,67,2192
261,gnitemouse,67,2013
262,ideale,67,1796
263,(soharu1024),67,1752
264,ibato,67,1621
265,heemin32,67,1558
266,thebarbershop,67,600
267,(ikisis),67,48
268,ILyoan,66,2997
269,flaugh,66,2118
270,combacsa,66,2014
271,(lemonkr),66,2009
272,StarNK,66,1638
273,irisagfe,66,1174
274,hylee,66,1063
275,greatstone,66,958
276,laytotayl,65,3178
277,gs10107,65,2432
278,yxp30,65,1605
279,bookman01,65,1151
280,cguy2000,65,914
281,espring,65,440
282,nonblock,65,203
283,deity,65,193
284,Eclipse412,64,1771
285,cramade,64,1338
286,(yeori),64,811
287,kreateark,64,573
288,eltmzhsj,64,239
289,sherhy,64,219
290,krieiter,63,2016
291,sukwoo49,63,1788
292,kchhero,63,1511
293,wsh0509,63,1249
294,jooyunghan,63,983
295,Veckal,63,627
296,(ZTZEROS),63,605
297,jacealan,63,125
298,nomadlife,63,1
299,calvados,62,2310
300,comkiwer,62,2034
301,(kismp123),62,1651
302,swchoi06,62,1495
303,arcadia88,62,945
304,runnie0427,62,708
305,aviness,62,698
306,jw.jung,62,616
307,boyboyhoo,62,347
308,legend12,61,3856
309,oky,61,3152
310,i274,61,1504
311,JongMan,61,1130
312,hiparkgss,61,165
313,TaeYoung,60,2688
314,boredashell99,60,2554
315,bst1206,60,1598
316,coprime,60,1407
317,optatum,60,1179
318,zxcxz7,60,890
319,fanoyong,60,551
320,tyamazaki,60,549
321,lasher247,60,356
322,ssico7,60,349
323,totworld,59,2684
324,brp-matlab,59,1825
325,MagicalOrb,59,1754
326,protos37,59,1191
327,zephyr9,59,228
328,Holics,58,2387
329,(mighty93),58,1492
330,hakenstock,58,1344
331,(tintin5108),58,1238
332,unbing,57,3098
333,jhyun95,57,1802
334,siscos,57,1760
335,(jaehaaheaj),57,386
336,greatkes,56,3043
337,wildartist,56,3009
338,yojo1000,56,2940
339,ruwin126,56,2490
340,zidarn,56,2389
341,akmakk,56,2383
342,asimov79,56,2232
343,m.Shin,56,2009
344,(rynn5419),56,1623
345,(lkkpou),56,1305
346,luxewiz,56,556
347,qwe6580,56,197
348,mohenjo,56,19
349,kang249,55,3382
350,indrazit,55,1816
351,yeonseung.kim,55,1339
352,(DarkAngel),55,1301
353,yimjy1996,55,1182
354,(raifthenerd),55,117
355,shuvh,54,3294
356,shurain,54,3059
357,hongjun7,54,2539
358,Clatue,54,2428
359,(tjyoo73),54,342
360,bits_and_scraps,54,284
361,(yyc9268),54,48
362,samerook,53,3047
363,dbcat,53,2904
364,seoleda,53,2354
365,Mastojun,53,2342
366,yielding,53,2040
367,ruunak,53,1807
368,yunskim,53,1677
369,rhs0266,53,1324
370,etoilebleu06,53,1234
371,hyunhwan,53,1137
372,AmorEtSpero,53,1048
373,16spark1,53,132
374,dish,52,3340
375,ejholic,52,3268
376,codejack,52,3184
377,deisys,52,2900
378,yoloseem,52,1138
379,(albert_park),52,1045
380,yangjy0113,52,988
381,thumb,52,716
382,viciousagent86,52,361
383,john3374,51,2788
384,sinjimua,51,2689
385,singleheart,51,2054
386,boldragon,51,1855
387,sven_,51,1759
388,(spyrogira256),51,1680
389,eva0071,51,1605
390,glastonbury,51,1585
391,greentec,51,1557
392,ybjeon01,51,1053
393,(jins02),51,965
394,john-scarlet,51,776
395,hjl1595,51,737
396,freewild,51,251
397,Yearning,51,48
398,RisingCrow,50,4073
399,wmftsa,50,3024
400,Informatica_Kim,50,2865
401,kenjin2202,50,2720
402,isAir,50,2079
403,(ff0610),50,1997
404,nhw119,50,1914
405,seunghyun,50,1898
406,Leftium,50,1832
407,akalidos,50,1360
408,jacgyver,50,1180
409,sablime,50,881
410,hoonnhun,50,582
411,shephexd,50,499
412,wishsky02,50,286
413,(ssu2016rex),50,149
414,dawnok2,49,3737
415,jms7446,49,3196
416,mysanal,49,2683
417,A.I,49,2335
418,(syyim),49,2270
419,keysu,49,2097
420,anto5710,49,789
421,keiasz,49,251
422,tubeworm,48,3448
423,inkyu,48,2327
424,codevania,48,2064
425,kjlucid,48,1518
426,irondog,48,1424
427,reiphiel,48,1094
428,mookeun,48,866
429,parkkiung123,48,611
430,(gomcheol),48,160
431,demian51,47,3473
432,bupjae,47,3171
433,Legendre,47,1878
434,(hssuh),47,1242
435,kipa00,47,1241
436,Pekaz,47,89
437,(eudemonicjh),47,82
438,csk1103,46,1839
439,sorry,46,1791
440,(kjk6463),46,1577
441,(choi101104),46,884
442,hwj8963,46,531
443,paosder,46,414
444,(junnyboy2008),46,313
445,toolofthought,46,13
446,eju,45,3585
447,threec,45,2857
448,phg,45,2424
449,btakeya,45,2387
450,bakaas,45,2284
451,k09wang,45,2225
452,(dino1251),45,1818
453,ermaker,45,1780
454,geehoon,45,1750
455,ybbarng,45,1511
456,toyun,45,504
457,ohwi,45,125
458,iljimae,45,23
459,kimyj63,44,2934
460,changwoo,44,2081
461,linkoffate,44,1973
462,taej0127,44,885
463,(simon61),44,834
464,dyh7557,44,643
465,whdnddh,44,591
466,nas90120,44,418
467,kimdaye,44,301
468,zcxcasd,43,2271
469,sru,43,1397
470,polaris340,43,685
471,hum369,43,59
472,namejames91,42,2577
473,salqueng,42,1419
474,prime73,42,1099
475,jaeankr,42,508
476,hjlee,42,399
477,jnzs,41,3313
478,yongyeol,41,3100
479,zplanet,41,2913
480,Violet716,41,2664
481,jmpabu,41,2539
482,karekano777,41,2385
483,sooshia,41,861
484,moonbk81,41,753
485,koosaga,41,631
486,ydh0110,41,329
487,(hwane918),40,1738
488,evil872,40,1681
489,(gs13105),40,1540
490,allurecat,40,1491
491,spikewj,40,976
492,fourwingsy,40,939
493,narsis_07,40,148
494,Rica,39,3859
495,jinho,39,3253
496,zolac,39,3049
497,Sky77,39,2433
498,bluekyu,39,1912
499,kangbosun,39,1590
500,(biscuit_03),39,1068
501,aha00a,39,511
502,(aj.haru.kim),39,289
503,moon020416,39,101
504,(ludi685),39,92
505,icomkid,38,2922
506,ihl7029,38,2817
507,lymose,38,2752
508,bdh92123,38,2654
509,anlogo,38,2633
510,jscsmk,38,2433
511,juno1990ahn,38,2173
512,taeminhong,38,1505
513,(seungheeye),38,1024
514,yeon,38,979
515,jongyoonl,38,119
516,wisang,37,2368
517,synthdnb,37,1588
518,hokma,37,908
519,ygy7084,37,795
520,coozplz,37,752
521,yskim,36,3340
522,jandee1115,36,3295
523,mondo,36,2918
524,driverB,36,2459
525,baesah,36,2345
526,Alslayer,36,1972
527,karvens,36,1940
528,dpddaniel95,36,1811
529,zetice,36,1750
530,Minji,36,1657
531,xbfld,36,1597
532,comemail,36,1542
533,ahnhyungseo,36,1495
534,dayrainbow94,36,1402
535,AMUMU,36,706
536,hyeongyu,36,516
537,ent25d27,36,205
538,umkek,35,3662
539,jskim,35,3240
540,keating,35,3032
541,BaeJin,35,1997
542,my1989,35,1994
543,ohyecloudy,35,1855
544,Kivoloid,35,1703
545,kevin0960,35,1617
546,Backspe,35,1490
547,lucendo,35,1263
548,bkangel,35,1259
549,c0untd0wn,35,1088
550,mani3769,35,493
551,gaten,35,364
552,crymini,35,345
553,yongwoon,34,3045
554,ishtori,34,2013
555,liquorice_,34,1845
556,(jikim99),34,1807
557,nacyot,34,1650
558,(antest_1),34,1593
559,kernel0,34,1368
560,(jyh1124),34,1126
561,ksyou496usa,34,839
562,scmaro,34,797
563,jongwoo315,34,358
564,pmon2648,34,211
565,nablon,34,7
566,normit,33,3432
567,ezid,33,3130
568,YuhoChu,33,3020
569,Informatica_Ns,33,2595
570,blueless0804,33,2519
571,bwh620,33,2466
572,snowall,33,2358
573,(boohyunkim),33,2157
574,aproxacs,33,1995
575,(nonfrench),33,1806
576,tugisuwon,33,1797
577,(leemyungheon),33,1605
578,nkcyj,33,1343
579,x86kernel,33,1250
580,Rio_kaizen,32,2736
581,Angel1004,32,2446
582,(lastcig),32,2371
583,(PuReumKang),32,2068
584,(dongwon412),32,1828
585,mstone81,32,1820
586,kwzhang,32,1423
587,JanAson,32,1269
588,eungkwon,32,1200
589,(minq.park),32,934
590,gijun0102,32,851
591,vernus,32,728
592,(pakcw0),32,127
593,KimXeno,31,3375
594,ToePeu,31,3330
595,wildjuno,31,2772
596,IOKLO,31,2379
597,lemma,31,2319
598,rinara_yu,31,2305
599,wnsdh14,31,2292
600,(pdcafe1),31,2092
601,(F.B),31,2068
602,The.King.of.Korea,31,1791
603,(sywon),31,1771
604,shaegis,31,1395
605,myhb9188,31,1081
606,LEEEEEEEEEE,31,1033
607,wisdroid,31,1010
608,tssads,31,1009
609,jayong93,31,1001
610,controller,31,970
611,ChihoWon,31,604
612,yechanny90,31,504
613,yous,31,310
614,altria0528,31,275
615,megi3dec,31,222
616,dalbom,30,3285
617,kenjin2201,30,2973
618,qesone,30,2930
619,zeroxy,30,2726
620,seotos,30,2688
621,litzrsh,30,2351
622,cat1729,30,1790
623,sjyoon,30,1706
624,bloodt,30,1658
625,(azyu),30,1600
626,oysiya,30,1559
627,zedoul,30,1389
628,(rohjoon),30,1297
629,angelosck,30,1049
630,impress313,30,822
631,hckhck,30,486
632,greengaguri,30,232
633,SilverCube,30,166
634,mortarkombat,30,21
635,hellodj,29,3402
636,ayanami9306,29,3053
637,realnemesis,29,2673
638,kimchiman,29,2426
639,yongsung.kang,29,2380
640,(Pjw1999),29,2294
641,kjwkjw,29,451
642,(AladeenIII),29,50
643,adex1248,29,50
644,kwangrim.ahn,29,7
645,jsryu21,28,3232
646,bjseo1986,28,3069
647,mykenoein,28,2187
648,kylejung,28,2078
649,yjroot,28,2077
650,e9t,28,1979
651,(powereyes),28,1838
652,gs13073,28,1709
653,(xenon054),28,1615
654,gmltjd0911,28,1589
655,hics33,28,887
656,yongduek,28,864
657,akachun,28,559
658,kurishin,28,176
659,starwatcherkiwi,28,131
660,voidreamy,27,3458
661,anyzen,27,2922
662,Nerevar,27,2904
663,kiho,27,2785
664,kall,27,2495
665,jechira,27,2451
666,serishan,27,1855
667,mathicalee,27,1651
668,bongya,27,1508
669,itugs,27,1021
670,ohj6452,27,702
671,-_-a,27,648
672,wnwo9037,27,571
673,sonsidal,27,375
674,beomjin.lee,27,323
675,lovewiz,26,3579
676,har,26,3408
677,yhkim,26,3306
678,eunjung,26,3203
679,cancho,26,2672
680,(Jy Bae),26,2382
681,NeverWash,26,2256
682,juneaftn,26,2131
683,swook,26,1997
684,rEgonicS,26,1961
685,pslave1,26,1170
686,elijah6,26,1167
687,Gubug,26,1112
688,Salmonjoon,26,1092
689,zoshs7,26,1090
690,geekjun,26,1084
691,ysj9867,26,958
692,rjuny1996,26,918
693,kunsu,26,917
694,dikenande,26,850
695,ingyu1008,26,559
696,jaywalnut310,26,354
697,y3pbg,26,328
698,co7799,26,314
699,kurukaka,26,296
700,nmsheeboy007,26,172
701,myshlee417,26,152
702,deukmo,25,3908
703,shinddo,25,3636
704,three023,25,3629
705,teenage-life,25,3468
706,melongi2,25,3109
707,aberaber11,25,2902
708,S.K.Lee,25,2740
709,Informatica_phraust1612,25,2557
710,woontae,25,2523
711,msnletsgo,25,2306
712,yoojh12,25,2193
713,(TaekminKim),25,1958
714,jcseo1028,25,1885
715,raspuna,25,1704
716,w2ok78,25,1214
717,SGIL,25,1211
718,amudoan,25,929
719,(w200kr),25,903
720,ysjee95,25,539
721,algo_rithm,25,463
722,hoonho97,25,409
723,masya,25,381
724,dyxogus,25,213
725,windows,25,165
726,baru,25,106
727,wipkis,25,102
728,(a41798175),25,68
729,rubymix,25,10
